Percentage,Time_ns
100,95406.000000
90,168977.000000
80,211438.000000
70,210430.000000
60,216039.000000
50,215392.000000
40,209424.000000
30,197338.000000
20,183328.000000
10,143226.000000
