Percentage,Time_ns
100,98207.000000
90,158302.000000
80,189172.000000
70,204081.000000
60,210949.000000
50,205676.000000
40,198988.000000
30,186089.000000
20,153722.000000
10,117519.000000
