Percentage,Time_ns
100,93359.000000
90,166956.000000
80,208693.000000
70,193037.000000
60,182648.000000
50,205741.000000
40,189282.000000
30,175824.000000
20,176692.000000
10,114929.000000
