Percentage,Time_ns
100,93052.000000
90,85827.000000
80,79558.000000
70,71627.000000
60,63074.000000
50,54603.000000
40,52509.000000
30,46072.000000
20,37916.000000
10,38021.000000
