Percentage,Time_ns
100,94161.000000
90,163760.000000
80,214786.000000
70,219033.000000
60,218108.000000
50,214547.000000
40,204752.000000
30,195747.000000
20,174566.000000
10,140965.000000
