Percentage,Time_ns
100,83976914.000000
90,76281175.000000
80,65168073.000000
70,60723428.000000
60,56771550.000000
50,48460518.000000
40,36730738.000000
30,31604287.000000
20,21661225.000000
10,9579212.000000
